Threshold,TP,FP,FN,TN,F1,TPR,FPR,Accuracy,FNR,PPV
0.0,0,695,0,0,None,None,None,0.0,None,None
0.01,0,271,0,424,None,None,0.3899280575539568,0.6100719424460431,None,None
0.02,0,91,0,604,None,None,0.13093525179856116,0.8690647482014389,None,None
0.03,0,24,0,671,None,None,0.034532374100719423,0.9654676258992806,None,None
0.04,0,9,0,686,None,None,0.012949640287769784,0.9870503597122302,None,None
0.05,0,0,0,695,None,None,None,1.0,None,None
0.06,0,0,0,695,None,None,None,1.0,None,None
0.07,0,0,0,695,None,None,None,1.0,None,None
0.08,0,0,0,695,None,None,None,1.0,None,None
0.09,0,0,0,695,None,None,None,1.0,None,None
0.1,0,0,0,695,None,None,None,1.0,None,None
0.11,0,0,0,695,None,None,None,1.0,None,None
0.12,0,0,0,695,None,None,None,1.0,None,None
0.13,0,0,0,695,None,None,None,1.0,None,None
0.14,0,0,0,695,None,None,None,1.0,None,None
0.15,0,0,0,695,None,None,None,1.0,None,None
0.16,0,0,0,695,None,None,None,1.0,None,None
0.17,0,0,0,695,None,None,None,1.0,None,None
0.18,0,0,0,695,None,None,None,1.0,None,None
0.19,0,0,0,695,None,None,None,1.0,None,None
0.2,0,0,0,695,None,None,None,1.0,None,None
0.21,0,0,0,695,None,None,None,1.0,None,None
0.22,0,0,0,695,None,None,None,1.0,None,None
0.23,0,0,0,695,None,None,None,1.0,None,None
0.24,0,0,0,695,None,None,None,1.0,None,None
0.25,0,0,0,695,None,None,None,1.0,None,None
0.26,0,0,0,695,None,None,None,1.0,None,None
0.27,0,0,0,695,None,None,None,1.0,None,None
0.28,0,0,0,695,None,None,None,1.0,None,None
0.29,0,0,0,695,None,None,None,1.0,None,None
0.3,0,0,0,695,None,None,None,1.0,None,None
0.31,0,0,0,695,None,None,None,1.0,None,None
0.32,0,0,0,695,None,None,None,1.0,None,None
0.33,0,0,0,695,None,None,None,1.0,None,None
0.34,0,0,0,695,None,None,None,1.0,None,None
0.35,0,0,0,695,None,None,None,1.0,None,None
0.36,0,0,0,695,None,None,None,1.0,None,None
0.37,0,0,0,695,None,None,None,1.0,None,None
0.38,0,0,0,695,None,None,None,1.0,None,None
0.39,0,0,0,695,None,None,None,1.0,None,None
0.4,0,0,0,695,None,None,None,1.0,None,None
0.41,0,0,0,695,None,None,None,1.0,None,None
0.42,0,0,0,695,None,None,None,1.0,None,None
0.43,0,0,0,695,None,None,None,1.0,None,None
0.44,0,0,0,695,None,None,None,1.0,None,None
0.45,0,0,0,695,None,None,None,1.0,None,None
0.46,0,0,0,695,None,None,None,1.0,None,None
0.47,0,0,0,695,None,None,None,1.0,None,None
0.48,0,0,0,695,None,None,None,1.0,None,None
0.49,0,0,0,695,None,None,None,1.0,None,None
0.5,0,0,0,695,None,None,None,1.0,None,None
0.51,0,0,0,695,None,None,None,1.0,None,None
0.52,0,0,0,695,None,None,None,1.0,None,None
0.53,0,0,0,695,None,None,None,1.0,None,None
0.54,0,0,0,695,None,None,None,1.0,None,None
0.55,0,0,0,695,None,None,None,1.0,None,None
0.56,0,0,0,695,None,None,None,1.0,None,None
0.57,0,0,0,695,None,None,None,1.0,None,None
0.58,0,0,0,695,None,None,None,1.0,None,None
0.59,0,0,0,695,None,None,None,1.0,None,None
0.6,0,0,0,695,None,None,None,1.0,None,None
0.61,0,0,0,695,None,None,None,1.0,None,None
0.62,0,0,0,695,None,None,None,1.0,None,None
0.63,0,0,0,695,None,None,None,1.0,None,None
0.64,0,0,0,695,None,None,None,1.0,None,None
0.65,0,0,0,695,None,None,None,1.0,None,None
0.66,0,0,0,695,None,None,None,1.0,None,None
0.67,0,0,0,695,None,None,None,1.0,None,None
0.68,0,0,0,695,None,None,None,1.0,None,None
0.69,0,0,0,695,None,None,None,1.0,None,None
0.7,0,0,0,695,None,None,None,1.0,None,None
0.71,0,0,0,695,None,None,None,1.0,None,None
0.72,0,0,0,695,None,None,None,1.0,None,None
0.73,0,0,0,695,None,None,None,1.0,None,None
0.74,0,0,0,695,None,None,None,1.0,None,None
0.75,0,0,0,695,None,None,None,1.0,None,None
0.76,0,0,0,695,None,None,None,1.0,None,None
0.77,0,0,0,695,None,None,None,1.0,None,None
0.78,0,0,0,695,None,None,None,1.0,None,None
0.79,0,0,0,695,None,None,None,1.0,None,None
0.8,0,0,0,695,None,None,None,1.0,None,None
0.81,0,0,0,695,None,None,None,1.0,None,None
0.82,0,0,0,695,None,None,None,1.0,None,None
0.83,0,0,0,695,None,None,None,1.0,None,None
0.84,0,0,0,695,None,None,None,1.0,None,None
0.85,0,0,0,695,None,None,None,1.0,None,None
0.86,0,0,0,695,None,None,None,1.0,None,None
0.87,0,0,0,695,None,None,None,1.0,None,None
0.88,0,0,0,695,None,None,None,1.0,None,None
0.89,0,0,0,695,None,None,None,1.0,None,None
0.9,0,0,0,695,None,None,None,1.0,None,None
0.91,0,0,0,695,None,None,None,1.0,None,None
0.92,0,0,0,695,None,None,None,1.0,None,None
0.93,0,0,0,695,None,None,None,1.0,None,None
0.94,0,0,0,695,None,None,None,1.0,None,None
0.95,0,0,0,695,None,None,None,1.0,None,None
0.96,0,0,0,695,None,None,None,1.0,None,None
0.97,0,0,0,695,None,None,None,1.0,None,None
0.98,0,0,0,695,None,None,None,1.0,None,None
0.99,0,0,0,695,None,None,None,1.0,None,None
1.0,0,0,0,695,None,None,None,1.0,None,None
1.01,0,0,0,695,None,None,None,1.0,None,None
1.02,0,0,0,695,None,None,None,1.0,None,None
1.03,0,0,0,695,None,None,None,1.0,None,None
1.04,0,0,0,695,None,None,None,1.0,None,None
1.05,0,0,0,695,None,None,None,1.0,None,None
1.06,0,0,0,695,None,None,None,1.0,None,None
1.07,0,0,0,695,None,None,None,1.0,None,None
1.08,0,0,0,695,None,None,None,1.0,None,None
1.09,0,0,0,695,None,None,None,1.0,None,None
1.1,0,0,0,695,None,None,None,1.0,None,None
1.11,0,0,0,695,None,None,None,1.0,None,None
1.12,0,0,0,695,None,None,None,1.0,None,None
1.13,0,0,0,695,None,None,None,1.0,None,None
1.14,0,0,0,695,None,None,None,1.0,None,None
1.15,0,0,0,695,None,None,None,1.0,None,None
1.16,0,0,0,695,None,None,None,1.0,None,None
1.17,0,0,0,695,None,None,None,1.0,None,None
1.18,0,0,0,695,None,None,None,1.0,None,None
1.19,0,0,0,695,None,None,None,1.0,None,None
1.2,0,0,0,695,None,None,None,1.0,None,None
1.21,0,0,0,695,None,None,None,1.0,None,None
1.22,0,0,0,695,None,None,None,1.0,None,None
1.23,0,0,0,695,None,None,None,1.0,None,None
1.24,0,0,0,695,None,None,None,1.0,None,None
1.25,0,0,0,695,None,None,None,1.0,None,None
1.26,0,0,0,695,None,None,None,1.0,None,None
1.27,0,0,0,695,None,None,None,1.0,None,None
1.28,0,0,0,695,None,None,None,1.0,None,None
1.29,0,0,0,695,None,None,None,1.0,None,None
1.3,0,0,0,695,None,None,None,1.0,None,None
1.31,0,0,0,695,None,None,None,1.0,None,None
1.32,0,0,0,695,None,None,None,1.0,None,None
1.33,0,0,0,695,None,None,None,1.0,None,None
1.34,0,0,0,695,None,None,None,1.0,None,None
1.35,0,0,0,695,None,None,None,1.0,None,None
1.36,0,0,0,695,None,None,None,1.0,None,None
1.37,0,0,0,695,None,None,None,1.0,None,None
1.38,0,0,0,695,None,None,None,1.0,None,None
1.39,0,0,0,695,None,None,None,1.0,None,None
1.4,0,0,0,695,None,None,None,1.0,None,None
1.41,0,0,0,695,None,None,None,1.0,None,None
1.42,0,0,0,695,None,None,None,1.0,None,None
1.43,0,0,0,695,None,None,None,1.0,None,None
1.44,0,0,0,695,None,None,None,1.0,None,None
1.45,0,0,0,695,None,None,None,1.0,None,None
1.46,0,0,0,695,None,None,None,1.0,None,None
1.47,0,0,0,695,None,None,None,1.0,None,None
1.48,0,0,0,695,None,None,None,1.0,None,None
1.49,0,0,0,695,None,None,None,1.0,None,None
1.5,0,0,0,695,None,None,None,1.0,None,None
1.51,0,0,0,695,None,None,None,1.0,None,None
1.52,0,0,0,695,None,None,None,1.0,None,None
1.53,0,0,0,695,None,None,None,1.0,None,None
1.54,0,0,0,695,None,None,None,1.0,None,None
1.55,0,0,0,695,None,None,None,1.0,None,None
1.56,0,0,0,695,None,None,None,1.0,None,None
1.57,0,0,0,695,None,None,None,1.0,None,None
1.58,0,0,0,695,None,None,None,1.0,None,None
1.59,0,0,0,695,None,None,None,1.0,None,None
1.6,0,0,0,695,None,None,None,1.0,None,None
1.61,0,0,0,695,None,None,None,1.0,None,None
1.62,0,0,0,695,None,None,None,1.0,None,None
1.63,0,0,0,695,None,None,None,1.0,None,None
1.64,0,0,0,695,None,None,None,1.0,None,None
1.65,0,0,0,695,None,None,None,1.0,None,None
1.66,0,0,0,695,None,None,None,1.0,None,None
1.67,0,0,0,695,None,None,None,1.0,None,None
1.68,0,0,0,695,None,None,None,1.0,None,None
1.69,0,0,0,695,None,None,None,1.0,None,None
1.7,0,0,0,695,None,None,None,1.0,None,None
1.71,0,0,0,695,None,None,None,1.0,None,None
1.72,0,0,0,695,None,None,None,1.0,None,None
1.73,0,0,0,695,None,None,None,1.0,None,None
1.74,0,0,0,695,None,None,None,1.0,None,None
1.75,0,0,0,695,None,None,None,1.0,None,None
1.76,0,0,0,695,None,None,None,1.0,None,None
1.77,0,0,0,695,None,None,None,1.0,None,None
1.78,0,0,0,695,None,None,None,1.0,None,None
1.79,0,0,0,695,None,None,None,1.0,None,None
1.8,0,0,0,695,None,None,None,1.0,None,None
1.81,0,0,0,695,None,None,None,1.0,None,None
1.82,0,0,0,695,None,None,None,1.0,None,None
1.83,0,0,0,695,None,None,None,1.0,None,None
1.84,0,0,0,695,None,None,None,1.0,None,None
1.85,0,0,0,695,None,None,None,1.0,None,None
1.86,0,0,0,695,None,None,None,1.0,None,None
1.87,0,0,0,695,None,None,None,1.0,None,None
1.88,0,0,0,695,None,None,None,1.0,None,None
1.89,0,0,0,695,None,None,None,1.0,None,None
1.9,0,0,0,695,None,None,None,1.0,None,None
1.91,0,0,0,695,None,None,None,1.0,None,None
1.92,0,0,0,695,None,None,None,1.0,None,None
1.93,0,0,0,695,None,None,None,1.0,None,None
1.94,0,0,0,695,None,None,None,1.0,None,None
1.95,0,0,0,695,None,None,None,1.0,None,None
1.96,0,0,0,695,None,None,None,1.0,None,None
1.97,0,0,0,695,None,None,None,1.0,None,None
1.98,0,0,0,695,None,None,None,1.0,None,None
1.99,0,0,0,695,None,None,None,1.0,None,None
2.0,0,0,0,695,None,None,None,1.0,None,None
2.01,0,0,0,695,None,None,None,1.0,None,None
2.02,0,0,0,695,None,None,None,1.0,None,None
2.03,0,0,0,695,None,None,None,1.0,None,None
2.04,0,0,0,695,None,None,None,1.0,None,None
2.05,0,0,0,695,None,None,None,1.0,None,None
2.06,0,0,0,695,None,None,None,1.0,None,None
2.07,0,0,0,695,None,None,None,1.0,None,None
2.08,0,0,0,695,None,None,None,1.0,None,None
2.09,0,0,0,695,None,None,None,1.0,None,None
2.1,0,0,0,695,None,None,None,1.0,None,None
2.11,0,0,0,695,None,None,None,1.0,None,None
2.12,0,0,0,695,None,None,None,1.0,None,None
2.13,0,0,0,695,None,None,None,1.0,None,None
2.14,0,0,0,695,None,None,None,1.0,None,None
2.15,0,0,0,695,None,None,None,1.0,None,None
2.16,0,0,0,695,None,None,None,1.0,None,None
2.17,0,0,0,695,None,None,None,1.0,None,None
2.18,0,0,0,695,None,None,None,1.0,None,None
2.19,0,0,0,695,None,None,None,1.0,None,None
2.2,0,0,0,695,None,None,None,1.0,None,None
2.21,0,0,0,695,None,None,None,1.0,None,None
2.22,0,0,0,695,None,None,None,1.0,None,None
2.23,0,0,0,695,None,None,None,1.0,None,None
2.24,0,0,0,695,None,None,None,1.0,None,None
2.25,0,0,0,695,None,None,None,1.0,None,None
2.26,0,0,0,695,None,None,None,1.0,None,None
2.27,0,0,0,695,None,None,None,1.0,None,None
2.28,0,0,0,695,None,None,None,1.0,None,None
2.29,0,0,0,695,None,None,None,1.0,None,None
2.3,0,0,0,695,None,None,None,1.0,None,None
2.31,0,0,0,695,None,None,None,1.0,None,None
2.32,0,0,0,695,None,None,None,1.0,None,None
2.33,0,0,0,695,None,None,None,1.0,None,None
2.34,0,0,0,695,None,None,None,1.0,None,None
2.35,0,0,0,695,None,None,None,1.0,None,None
2.36,0,0,0,695,None,None,None,1.0,None,None
2.37,0,0,0,695,None,None,None,1.0,None,None
2.38,0,0,0,695,None,None,None,1.0,None,None
2.39,0,0,0,695,None,None,None,1.0,None,None
2.4,0,0,0,695,None,None,None,1.0,None,None
2.41,0,0,0,695,None,None,None,1.0,None,None
2.42,0,0,0,695,None,None,None,1.0,None,None
2.43,0,0,0,695,None,None,None,1.0,None,None
2.44,0,0,0,695,None,None,None,1.0,None,None
2.45,0,0,0,695,None,None,None,1.0,None,None
2.46,0,0,0,695,None,None,None,1.0,None,None
2.47,0,0,0,695,None,None,None,1.0,None,None
2.48,0,0,0,695,None,None,None,1.0,None,None
2.49,0,0,0,695,None,None,None,1.0,None,None
2.5,0,0,0,695,None,None,None,1.0,None,None
2.51,0,0,0,695,None,None,None,1.0,None,None
2.52,0,0,0,695,None,None,None,1.0,None,None
2.53,0,0,0,695,None,None,None,1.0,None,None
2.54,0,0,0,695,None,None,None,1.0,None,None
2.55,0,0,0,695,None,None,None,1.0,None,None
2.56,0,0,0,695,None,None,None,1.0,None,None
2.57,0,0,0,695,None,None,None,1.0,None,None
2.58,0,0,0,695,None,None,None,1.0,None,None
2.59,0,0,0,695,None,None,None,1.0,None,None
2.6,0,0,0,695,None,None,None,1.0,None,None
2.61,0,0,0,695,None,None,None,1.0,None,None
2.62,0,0,0,695,None,None,None,1.0,None,None
2.63,0,0,0,695,None,None,None,1.0,None,None
2.64,0,0,0,695,None,None,None,1.0,None,None
2.65,0,0,0,695,None,None,None,1.0,None,None
2.66,0,0,0,695,None,None,None,1.0,None,None
2.67,0,0,0,695,None,None,None,1.0,None,None
2.68,0,0,0,695,None,None,None,1.0,None,None
2.69,0,0,0,695,None,None,None,1.0,None,None
2.7,0,0,0,695,None,None,None,1.0,None,None
2.71,0,0,0,695,None,None,None,1.0,None,None
2.72,0,0,0,695,None,None,None,1.0,None,None
2.73,0,0,0,695,None,None,None,1.0,None,None
2.74,0,0,0,695,None,None,None,1.0,None,None
2.75,0,0,0,695,None,None,None,1.0,None,None
2.76,0,0,0,695,None,None,None,1.0,None,None
2.77,0,0,0,695,None,None,None,1.0,None,None
2.78,0,0,0,695,None,None,None,1.0,None,None
2.79,0,0,0,695,None,None,None,1.0,None,None
2.8,0,0,0,695,None,None,None,1.0,None,None
2.81,0,0,0,695,None,None,None,1.0,None,None
2.82,0,0,0,695,None,None,None,1.0,None,None
2.83,0,0,0,695,None,None,None,1.0,None,None
2.84,0,0,0,695,None,None,None,1.0,None,None
2.85,0,0,0,695,None,None,None,1.0,None,None
2.86,0,0,0,695,None,None,None,1.0,None,None
2.87,0,0,0,695,None,None,None,1.0,None,None
2.88,0,0,0,695,None,None,None,1.0,None,None
2.89,0,0,0,695,None,None,None,1.0,None,None
2.9,0,0,0,695,None,None,None,1.0,None,None
2.91,0,0,0,695,None,None,None,1.0,None,None
2.92,0,0,0,695,None,None,None,1.0,None,None
2.93,0,0,0,695,None,None,None,1.0,None,None
2.94,0,0,0,695,None,None,None,1.0,None,None
2.95,0,0,0,695,None,None,None,1.0,None,None
2.96,0,0,0,695,None,None,None,1.0,None,None
2.97,0,0,0,695,None,None,None,1.0,None,None
2.98,0,0,0,695,None,None,None,1.0,None,None
2.99,0,0,0,695,None,None,None,1.0,None,None
3.0,0,0,0,695,None,None,None,1.0,None,None
3.01,0,0,0,695,None,None,None,1.0,None,None
3.02,0,0,0,695,None,None,None,1.0,None,None
3.03,0,0,0,695,None,None,None,1.0,None,None
3.04,0,0,0,695,None,None,None,1.0,None,None
3.05,0,0,0,695,None,None,None,1.0,None,None
3.06,0,0,0,695,None,None,None,1.0,None,None
3.07,0,0,0,695,None,None,None,1.0,None,None
3.08,0,0,0,695,None,None,None,1.0,None,None
3.09,0,0,0,695,None,None,None,1.0,None,None
3.1,0,0,0,695,None,None,None,1.0,None,None
3.11,0,0,0,695,None,None,None,1.0,None,None
3.12,0,0,0,695,None,None,None,1.0,None,None
3.13,0,0,0,695,None,None,None,1.0,None,None
3.14,0,0,0,695,None,None,None,1.0,None,None
3.15,0,0,0,695,None,None,None,1.0,None,None
3.16,0,0,0,695,None,None,None,1.0,None,None
3.17,0,0,0,695,None,None,None,1.0,None,None
3.18,0,0,0,695,None,None,None,1.0,None,None
3.19,0,0,0,695,None,None,None,1.0,None,None
3.2,0,0,0,695,None,None,None,1.0,None,None
3.21,0,0,0,695,None,None,None,1.0,None,None
3.22,0,0,0,695,None,None,None,1.0,None,None
3.23,0,0,0,695,None,None,None,1.0,None,None
3.24,0,0,0,695,None,None,None,1.0,None,None
3.25,0,0,0,695,None,None,None,1.0,None,None
3.26,0,0,0,695,None,None,None,1.0,None,None
3.27,0,0,0,695,None,None,None,1.0,None,None
3.28,0,0,0,695,None,None,None,1.0,None,None
3.29,0,0,0,695,None,None,None,1.0,None,None
3.3,0,0,0,695,None,None,None,1.0,None,None
3.31,0,0,0,695,None,None,None,1.0,None,None
3.32,0,0,0,695,None,None,None,1.0,None,None
3.33,0,0,0,695,None,None,None,1.0,None,None
3.34,0,0,0,695,None,None,None,1.0,None,None
3.35,0,0,0,695,None,None,None,1.0,None,None
3.36,0,0,0,695,None,None,None,1.0,None,None
3.37,0,0,0,695,None,None,None,1.0,None,None
3.38,0,0,0,695,None,None,None,1.0,None,None
3.39,0,0,0,695,None,None,None,1.0,None,None
3.4,0,0,0,695,None,None,None,1.0,None,None
3.41,0,0,0,695,None,None,None,1.0,None,None
3.42,0,0,0,695,None,None,None,1.0,None,None
3.43,0,0,0,695,None,None,None,1.0,None,None
3.44,0,0,0,695,None,None,None,1.0,None,None
3.45,0,0,0,695,None,None,None,1.0,None,None
3.46,0,0,0,695,None,None,None,1.0,None,None
3.47,0,0,0,695,None,None,None,1.0,None,None
3.48,0,0,0,695,None,None,None,1.0,None,None
3.49,0,0,0,695,None,None,None,1.0,None,None
3.5,0,0,0,695,None,None,None,1.0,None,None
3.51,0,0,0,695,None,None,None,1.0,None,None
3.52,0,0,0,695,None,None,None,1.0,None,None
3.53,0,0,0,695,None,None,None,1.0,None,None
3.54,0,0,0,695,None,None,None,1.0,None,None
3.55,0,0,0,695,None,None,None,1.0,None,None
3.56,0,0,0,695,None,None,None,1.0,None,None
3.57,0,0,0,695,None,None,None,1.0,None,None
3.58,0,0,0,695,None,None,None,1.0,None,None
3.59,0,0,0,695,None,None,None,1.0,None,None
3.6,0,0,0,695,None,None,None,1.0,None,None
3.61,0,0,0,695,None,None,None,1.0,None,None
3.62,0,0,0,695,None,None,None,1.0,None,None
3.63,0,0,0,695,None,None,None,1.0,None,None
3.64,0,0,0,695,None,None,None,1.0,None,None
3.65,0,0,0,695,None,None,None,1.0,None,None
3.66,0,0,0,695,None,None,None,1.0,None,None
3.67,0,0,0,695,None,None,None,1.0,None,None
3.68,0,0,0,695,None,None,None,1.0,None,None
3.69,0,0,0,695,None,None,None,1.0,None,None
3.7,0,0,0,695,None,None,None,1.0,None,None
3.71,0,0,0,695,None,None,None,1.0,None,None
3.72,0,0,0,695,None,None,None,1.0,None,None
3.73,0,0,0,695,None,None,None,1.0,None,None
3.74,0,0,0,695,None,None,None,1.0,None,None
3.75,0,0,0,695,None,None,None,1.0,None,None
3.76,0,0,0,695,None,None,None,1.0,None,None
3.77,0,0,0,695,None,None,None,1.0,None,None
3.78,0,0,0,695,None,None,None,1.0,None,None
3.79,0,0,0,695,None,None,None,1.0,None,None
3.8,0,0,0,695,None,None,None,1.0,None,None
3.81,0,0,0,695,None,None,None,1.0,None,None
3.82,0,0,0,695,None,None,None,1.0,None,None
3.83,0,0,0,695,None,None,None,1.0,None,None
3.84,0,0,0,695,None,None,None,1.0,None,None
3.85,0,0,0,695,None,None,None,1.0,None,None
3.86,0,0,0,695,None,None,None,1.0,None,None
3.87,0,0,0,695,None,None,None,1.0,None,None
3.88,0,0,0,695,None,None,None,1.0,None,None
3.89,0,0,0,695,None,None,None,1.0,None,None
3.9,0,0,0,695,None,None,None,1.0,None,None
3.91,0,0,0,695,None,None,None,1.0,None,None
3.92,0,0,0,695,None,None,None,1.0,None,None
3.93,0,0,0,695,None,None,None,1.0,None,None
3.94,0,0,0,695,None,None,None,1.0,None,None
3.95,0,0,0,695,None,None,None,1.0,None,None
3.96,0,0,0,695,None,None,None,1.0,None,None
3.97,0,0,0,695,None,None,None,1.0,None,None
3.98,0,0,0,695,None,None,None,1.0,None,None
3.99,0,0,0,695,None,None,None,1.0,None,None
4.0,0,0,0,695,None,None,None,1.0,None,None
4.01,0,0,0,695,None,None,None,1.0,None,None
4.02,0,0,0,695,None,None,None,1.0,None,None
4.03,0,0,0,695,None,None,None,1.0,None,None
4.04,0,0,0,695,None,None,None,1.0,None,None
4.05,0,0,0,695,None,None,None,1.0,None,None
4.06,0,0,0,695,None,None,None,1.0,None,None
4.07,0,0,0,695,None,None,None,1.0,None,None
4.08,0,0,0,695,None,None,None,1.0,None,None
4.09,0,0,0,695,None,None,None,1.0,None,None
4.1,0,0,0,695,None,None,None,1.0,None,None
4.11,0,0,0,695,None,None,None,1.0,None,None
4.12,0,0,0,695,None,None,None,1.0,None,None
4.13,0,0,0,695,None,None,None,1.0,None,None
4.14,0,0,0,695,None,None,None,1.0,None,None
4.15,0,0,0,695,None,None,None,1.0,None,None
4.16,0,0,0,695,None,None,None,1.0,None,None
4.17,0,0,0,695,None,None,None,1.0,None,None
4.18,0,0,0,695,None,None,None,1.0,None,None
4.19,0,0,0,695,None,None,None,1.0,None,None
4.2,0,0,0,695,None,None,None,1.0,None,None
4.21,0,0,0,695,None,None,None,1.0,None,None
4.22,0,0,0,695,None,None,None,1.0,None,None
4.23,0,0,0,695,None,None,None,1.0,None,None
4.24,0,0,0,695,None,None,None,1.0,None,None
4.25,0,0,0,695,None,None,None,1.0,None,None
4.26,0,0,0,695,None,None,None,1.0,None,None
4.27,0,0,0,695,None,None,None,1.0,None,None
4.28,0,0,0,695,None,None,None,1.0,None,None
4.29,0,0,0,695,None,None,None,1.0,None,None
4.3,0,0,0,695,None,None,None,1.0,None,None
4.31,0,0,0,695,None,None,None,1.0,None,None
4.32,0,0,0,695,None,None,None,1.0,None,None
4.33,0,0,0,695,None,None,None,1.0,None,None
4.34,0,0,0,695,None,None,None,1.0,None,None
4.35,0,0,0,695,None,None,None,1.0,None,None
4.36,0,0,0,695,None,None,None,1.0,None,None
4.37,0,0,0,695,None,None,None,1.0,None,None
4.38,0,0,0,695,None,None,None,1.0,None,None
4.39,0,0,0,695,None,None,None,1.0,None,None
4.4,0,0,0,695,None,None,None,1.0,None,None
4.41,0,0,0,695,None,None,None,1.0,None,None
4.42,0,0,0,695,None,None,None,1.0,None,None
4.43,0,0,0,695,None,None,None,1.0,None,None
4.44,0,0,0,695,None,None,None,1.0,None,None
4.45,0,0,0,695,None,None,None,1.0,None,None
4.46,0,0,0,695,None,None,None,1.0,None,None
4.47,0,0,0,695,None,None,None,1.0,None,None
4.48,0,0,0,695,None,None,None,1.0,None,None
4.49,0,0,0,695,None,None,None,1.0,None,None
4.5,0,0,0,695,None,None,None,1.0,None,None
4.51,0,0,0,695,None,None,None,1.0,None,None
4.52,0,0,0,695,None,None,None,1.0,None,None
4.53,0,0,0,695,None,None,None,1.0,None,None
4.54,0,0,0,695,None,None,None,1.0,None,None
4.55,0,0,0,695,None,None,None,1.0,None,None
4.56,0,0,0,695,None,None,None,1.0,None,None
4.57,0,0,0,695,None,None,None,1.0,None,None
4.58,0,0,0,695,None,None,None,1.0,None,None
4.59,0,0,0,695,None,None,None,1.0,None,None
4.6,0,0,0,695,None,None,None,1.0,None,None
4.61,0,0,0,695,None,None,None,1.0,None,None
4.62,0,0,0,695,None,None,None,1.0,None,None
4.63,0,0,0,695,None,None,None,1.0,None,None
4.64,0,0,0,695,None,None,None,1.0,None,None
4.65,0,0,0,695,None,None,None,1.0,None,None
4.66,0,0,0,695,None,None,None,1.0,None,None
4.67,0,0,0,695,None,None,None,1.0,None,None
4.68,0,0,0,695,None,None,None,1.0,None,None
4.69,0,0,0,695,None,None,None,1.0,None,None
4.7,0,0,0,695,None,None,None,1.0,None,None
4.71,0,0,0,695,None,None,None,1.0,None,None
4.72,0,0,0,695,None,None,None,1.0,None,None
4.73,0,0,0,695,None,None,None,1.0,None,None
4.74,0,0,0,695,None,None,None,1.0,None,None
4.75,0,0,0,695,None,None,None,1.0,None,None
4.76,0,0,0,695,None,None,None,1.0,None,None
4.77,0,0,0,695,None,None,None,1.0,None,None
4.78,0,0,0,695,None,None,None,1.0,None,None
4.79,0,0,0,695,None,None,None,1.0,None,None
4.8,0,0,0,695,None,None,None,1.0,None,None
4.81,0,0,0,695,None,None,None,1.0,None,None
4.82,0,0,0,695,None,None,None,1.0,None,None
4.83,0,0,0,695,None,None,None,1.0,None,None
4.84,0,0,0,695,None,None,None,1.0,None,None
4.85,0,0,0,695,None,None,None,1.0,None,None
4.86,0,0,0,695,None,None,None,1.0,None,None
4.87,0,0,0,695,None,None,None,1.0,None,None
4.88,0,0,0,695,None,None,None,1.0,None,None
4.89,0,0,0,695,None,None,None,1.0,None,None
4.9,0,0,0,695,None,None,None,1.0,None,None
4.91,0,0,0,695,None,None,None,1.0,None,None
4.92,0,0,0,695,None,None,None,1.0,None,None
4.93,0,0,0,695,None,None,None,1.0,None,None
4.94,0,0,0,695,None,None,None,1.0,None,None
4.95,0,0,0,695,None,None,None,1.0,None,None
4.96,0,0,0,695,None,None,None,1.0,None,None
4.97,0,0,0,695,None,None,None,1.0,None,None
4.98,0,0,0,695,None,None,None,1.0,None,None
4.99,0,0,0,695,None,None,None,1.0,None,None
5.0,0,0,0,695,None,None,None,1.0,None,None
5.01,0,0,0,695,None,None,None,1.0,None,None
5.02,0,0,0,695,None,None,None,1.0,None,None
5.03,0,0,0,695,None,None,None,1.0,None,None
5.04,0,0,0,695,None,None,None,1.0,None,None
5.05,0,0,0,695,None,None,None,1.0,None,None
5.06,0,0,0,695,None,None,None,1.0,None,None
5.07,0,0,0,695,None,None,None,1.0,None,None
5.08,0,0,0,695,None,None,None,1.0,None,None
5.09,0,0,0,695,None,None,None,1.0,None,None
5.1,0,0,0,695,None,None,None,1.0,None,None
5.11,0,0,0,695,None,None,None,1.0,None,None
5.12,0,0,0,695,None,None,None,1.0,None,None
5.13,0,0,0,695,None,None,None,1.0,None,None
5.14,0,0,0,695,None,None,None,1.0,None,None
5.15,0,0,0,695,None,None,None,1.0,None,None
5.16,0,0,0,695,None,None,None,1.0,None,None
5.17,0,0,0,695,None,None,None,1.0,None,None
5.18,0,0,0,695,None,None,None,1.0,None,None
5.19,0,0,0,695,None,None,None,1.0,None,None
5.2,0,0,0,695,None,None,None,1.0,None,None
5.21,0,0,0,695,None,None,None,1.0,None,None
5.22,0,0,0,695,None,None,None,1.0,None,None
5.23,0,0,0,695,None,None,None,1.0,None,None
5.24,0,0,0,695,None,None,None,1.0,None,None
5.25,0,0,0,695,None,None,None,1.0,None,None
5.26,0,0,0,695,None,None,None,1.0,None,None
5.27,0,0,0,695,None,None,None,1.0,None,None
5.28,0,0,0,695,None,None,None,1.0,None,None
5.29,0,0,0,695,None,None,None,1.0,None,None
5.3,0,0,0,695,None,None,None,1.0,None,None
5.31,0,0,0,695,None,None,None,1.0,None,None
5.32,0,0,0,695,None,None,None,1.0,None,None
5.33,0,0,0,695,None,None,None,1.0,None,None
5.34,0,0,0,695,None,None,None,1.0,None,None
5.35,0,0,0,695,None,None,None,1.0,None,None
5.36,0,0,0,695,None,None,None,1.0,None,None
5.37,0,0,0,695,None,None,None,1.0,None,None
5.38,0,0,0,695,None,None,None,1.0,None,None
5.39,0,0,0,695,None,None,None,1.0,None,None
5.4,0,0,0,695,None,None,None,1.0,None,None
5.41,0,0,0,695,None,None,None,1.0,None,None
5.42,0,0,0,695,None,None,None,1.0,None,None
5.43,0,0,0,695,None,None,None,1.0,None,None
5.44,0,0,0,695,None,None,None,1.0,None,None
5.45,0,0,0,695,None,None,None,1.0,None,None
5.46,0,0,0,695,None,None,None,1.0,None,None
5.47,0,0,0,695,None,None,None,1.0,None,None
5.48,0,0,0,695,None,None,None,1.0,None,None
5.49,0,0,0,695,None,None,None,1.0,None,None
5.5,0,0,0,695,None,None,None,1.0,None,None
5.51,0,0,0,695,None,None,None,1.0,None,None
5.52,0,0,0,695,None,None,None,1.0,None,None
5.53,0,0,0,695,None,None,None,1.0,None,None
5.54,0,0,0,695,None,None,None,1.0,None,None
5.55,0,0,0,695,None,None,None,1.0,None,None
5.56,0,0,0,695,None,None,None,1.0,None,None
5.57,0,0,0,695,None,None,None,1.0,None,None
5.58,0,0,0,695,None,None,None,1.0,None,None
5.59,0,0,0,695,None,None,None,1.0,None,None
5.6,0,0,0,695,None,None,None,1.0,None,None
5.61,0,0,0,695,None,None,None,1.0,None,None
5.62,0,0,0,695,None,None,None,1.0,None,None
5.63,0,0,0,695,None,None,None,1.0,None,None
5.64,0,0,0,695,None,None,None,1.0,None,None
5.65,0,0,0,695,None,None,None,1.0,None,None
5.66,0,0,0,695,None,None,None,1.0,None,None
5.67,0,0,0,695,None,None,None,1.0,None,None
5.68,0,0,0,695,None,None,None,1.0,None,None
5.69,0,0,0,695,None,None,None,1.0,None,None
5.7,0,0,0,695,None,None,None,1.0,None,None
5.71,0,0,0,695,None,None,None,1.0,None,None
5.72,0,0,0,695,None,None,None,1.0,None,None
5.73,0,0,0,695,None,None,None,1.0,None,None
5.74,0,0,0,695,None,None,None,1.0,None,None
5.75,0,0,0,695,None,None,None,1.0,None,None
5.76,0,0,0,695,None,None,None,1.0,None,None
5.77,0,0,0,695,None,None,None,1.0,None,None
5.78,0,0,0,695,None,None,None,1.0,None,None
5.79,0,0,0,695,None,None,None,1.0,None,None
5.8,0,0,0,695,None,None,None,1.0,None,None
5.81,0,0,0,695,None,None,None,1.0,None,None
5.82,0,0,0,695,None,None,None,1.0,None,None
5.83,0,0,0,695,None,None,None,1.0,None,None
5.84,0,0,0,695,None,None,None,1.0,None,None
5.85,0,0,0,695,None,None,None,1.0,None,None
5.86,0,0,0,695,None,None,None,1.0,None,None
5.87,0,0,0,695,None,None,None,1.0,None,None
5.88,0,0,0,695,None,None,None,1.0,None,None
5.89,0,0,0,695,None,None,None,1.0,None,None
5.9,0,0,0,695,None,None,None,1.0,None,None
5.91,0,0,0,695,None,None,None,1.0,None,None
5.92,0,0,0,695,None,None,None,1.0,None,None
5.93,0,0,0,695,None,None,None,1.0,None,None
5.94,0,0,0,695,None,None,None,1.0,None,None
5.95,0,0,0,695,None,None,None,1.0,None,None
5.96,0,0,0,695,None,None,None,1.0,None,None
5.97,0,0,0,695,None,None,None,1.0,None,None
5.98,0,0,0,695,None,None,None,1.0,None,None
5.99,0,0,0,695,None,None,None,1.0,None,None
6.0,0,0,0,695,None,None,None,1.0,None,None
6.01,0,0,0,695,None,None,None,1.0,None,None
6.02,0,0,0,695,None,None,None,1.0,None,None
6.03,0,0,0,695,None,None,None,1.0,None,None
6.04,0,0,0,695,None,None,None,1.0,None,None
6.05,0,0,0,695,None,None,None,1.0,None,None
6.06,0,0,0,695,None,None,None,1.0,None,None
6.07,0,0,0,695,None,None,None,1.0,None,None
6.08,0,0,0,695,None,None,None,1.0,None,None
6.09,0,0,0,695,None,None,None,1.0,None,None
6.1,0,0,0,695,None,None,None,1.0,None,None
6.11,0,0,0,695,None,None,None,1.0,None,None
6.12,0,0,0,695,None,None,None,1.0,None,None
6.13,0,0,0,695,None,None,None,1.0,None,None
6.14,0,0,0,695,None,None,None,1.0,None,None
6.15,0,0,0,695,None,None,None,1.0,None,None
6.16,0,0,0,695,None,None,None,1.0,None,None
6.17,0,0,0,695,None,None,None,1.0,None,None
6.18,0,0,0,695,None,None,None,1.0,None,None
6.19,0,0,0,695,None,None,None,1.0,None,None
6.2,0,0,0,695,None,None,None,1.0,None,None
6.21,0,0,0,695,None,None,None,1.0,None,None
6.22,0,0,0,695,None,None,None,1.0,None,None
6.23,0,0,0,695,None,None,None,1.0,None,None
6.24,0,0,0,695,None,None,None,1.0,None,None
6.25,0,0,0,695,None,None,None,1.0,None,None
6.26,0,0,0,695,None,None,None,1.0,None,None
6.27,0,0,0,695,None,None,None,1.0,None,None
6.28,0,0,0,695,None,None,None,1.0,None,None
6.29,0,0,0,695,None,None,None,1.0,None,None
6.3,0,0,0,695,None,None,None,1.0,None,None
6.31,0,0,0,695,None,None,None,1.0,None,None
6.32,0,0,0,695,None,None,None,1.0,None,None
6.33,0,0,0,695,None,None,None,1.0,None,None
6.34,0,0,0,695,None,None,None,1.0,None,None
6.35,0,0,0,695,None,None,None,1.0,None,None
6.36,0,0,0,695,None,None,None,1.0,None,None
6.37,0,0,0,695,None,None,None,1.0,None,None
6.38,0,0,0,695,None,None,None,1.0,None,None
6.39,0,0,0,695,None,None,None,1.0,None,None
6.4,0,0,0,695,None,None,None,1.0,None,None
6.41,0,0,0,695,None,None,None,1.0,None,None
6.42,0,0,0,695,None,None,None,1.0,None,None
6.43,0,0,0,695,None,None,None,1.0,None,None
6.44,0,0,0,695,None,None,None,1.0,None,None
6.45,0,0,0,695,None,None,None,1.0,None,None
6.46,0,0,0,695,None,None,None,1.0,None,None
6.47,0,0,0,695,None,None,None,1.0,None,None
6.48,0,0,0,695,None,None,None,1.0,None,None
6.49,0,0,0,695,None,None,None,1.0,None,None
6.5,0,0,0,695,None,None,None,1.0,None,None
6.51,0,0,0,695,None,None,None,1.0,None,None
6.52,0,0,0,695,None,None,None,1.0,None,None
6.53,0,0,0,695,None,None,None,1.0,None,None
6.54,0,0,0,695,None,None,None,1.0,None,None
6.55,0,0,0,695,None,None,None,1.0,None,None
6.56,0,0,0,695,None,None,None,1.0,None,None
6.57,0,0,0,695,None,None,None,1.0,None,None
6.58,0,0,0,695,None,None,None,1.0,None,None
6.59,0,0,0,695,None,None,None,1.0,None,None
6.6,0,0,0,695,None,None,None,1.0,None,None
6.61,0,0,0,695,None,None,None,1.0,None,None
6.62,0,0,0,695,None,None,None,1.0,None,None
6.63,0,0,0,695,None,None,None,1.0,None,None
6.64,0,0,0,695,None,None,None,1.0,None,None
6.65,0,0,0,695,None,None,None,1.0,None,None
6.66,0,0,0,695,None,None,None,1.0,None,None
6.67,0,0,0,695,None,None,None,1.0,None,None
6.68,0,0,0,695,None,None,None,1.0,None,None
6.69,0,0,0,695,None,None,None,1.0,None,None
6.7,0,0,0,695,None,None,None,1.0,None,None
6.71,0,0,0,695,None,None,None,1.0,None,None
6.72,0,0,0,695,None,None,None,1.0,None,None
6.73,0,0,0,695,None,None,None,1.0,None,None
6.74,0,0,0,695,None,None,None,1.0,None,None
6.75,0,0,0,695,None,None,None,1.0,None,None
6.76,0,0,0,695,None,None,None,1.0,None,None
6.77,0,0,0,695,None,None,None,1.0,None,None
6.78,0,0,0,695,None,None,None,1.0,None,None
6.79,0,0,0,695,None,None,None,1.0,None,None
6.8,0,0,0,695,None,None,None,1.0,None,None
6.81,0,0,0,695,None,None,None,1.0,None,None
6.82,0,0,0,695,None,None,None,1.0,None,None
6.83,0,0,0,695,None,None,None,1.0,None,None
6.84,0,0,0,695,None,None,None,1.0,None,None
6.85,0,0,0,695,None,None,None,1.0,None,None
6.86,0,0,0,695,None,None,None,1.0,None,None
6.87,0,0,0,695,None,None,None,1.0,None,None
6.88,0,0,0,695,None,None,None,1.0,None,None
6.89,0,0,0,695,None,None,None,1.0,None,None
6.9,0,0,0,695,None,None,None,1.0,None,None
6.91,0,0,0,695,None,None,None,1.0,None,None
6.92,0,0,0,695,None,None,None,1.0,None,None
6.93,0,0,0,695,None,None,None,1.0,None,None
6.94,0,0,0,695,None,None,None,1.0,None,None
6.95,0,0,0,695,None,None,None,1.0,None,None
6.96,0,0,0,695,None,None,None,1.0,None,None
6.97,0,0,0,695,None,None,None,1.0,None,None
6.98,0,0,0,695,None,None,None,1.0,None,None
6.99,0,0,0,695,None,None,None,1.0,None,None
7.0,0,0,0,695,None,None,None,1.0,None,None
7.01,0,0,0,695,None,None,None,1.0,None,None
7.02,0,0,0,695,None,None,None,1.0,None,None
7.03,0,0,0,695,None,None,None,1.0,None,None
7.04,0,0,0,695,None,None,None,1.0,None,None
7.05,0,0,0,695,None,None,None,1.0,None,None
7.06,0,0,0,695,None,None,None,1.0,None,None
7.07,0,0,0,695,None,None,None,1.0,None,None
7.08,0,0,0,695,None,None,None,1.0,None,None
7.09,0,0,0,695,None,None,None,1.0,None,None
7.1,0,0,0,695,None,None,None,1.0,None,None
7.11,0,0,0,695,None,None,None,1.0,None,None
7.12,0,0,0,695,None,None,None,1.0,None,None
7.13,0,0,0,695,None,None,None,1.0,None,None
7.14,0,0,0,695,None,None,None,1.0,None,None
7.15,0,0,0,695,None,None,None,1.0,None,None
7.16,0,0,0,695,None,None,None,1.0,None,None
7.17,0,0,0,695,None,None,None,1.0,None,None
7.18,0,0,0,695,None,None,None,1.0,None,None
7.19,0,0,0,695,None,None,None,1.0,None,None
7.2,0,0,0,695,None,None,None,1.0,None,None
7.21,0,0,0,695,None,None,None,1.0,None,None
7.22,0,0,0,695,None,None,None,1.0,None,None
7.23,0,0,0,695,None,None,None,1.0,None,None
7.24,0,0,0,695,None,None,None,1.0,None,None
7.25,0,0,0,695,None,None,None,1.0,None,None
7.26,0,0,0,695,None,None,None,1.0,None,None
7.27,0,0,0,695,None,None,None,1.0,None,None
7.28,0,0,0,695,None,None,None,1.0,None,None
7.29,0,0,0,695,None,None,None,1.0,None,None
7.3,0,0,0,695,None,None,None,1.0,None,None
7.31,0,0,0,695,None,None,None,1.0,None,None
7.32,0,0,0,695,None,None,None,1.0,None,None
7.33,0,0,0,695,None,None,None,1.0,None,None
7.34,0,0,0,695,None,None,None,1.0,None,None
7.35,0,0,0,695,None,None,None,1.0,None,None
7.36,0,0,0,695,None,None,None,1.0,None,None
7.37,0,0,0,695,None,None,None,1.0,None,None
7.38,0,0,0,695,None,None,None,1.0,None,None
7.39,0,0,0,695,None,None,None,1.0,None,None
7.4,0,0,0,695,None,None,None,1.0,None,None
7.41,0,0,0,695,None,None,None,1.0,None,None
7.42,0,0,0,695,None,None,None,1.0,None,None
7.43,0,0,0,695,None,None,None,1.0,None,None
7.44,0,0,0,695,None,None,None,1.0,None,None
7.45,0,0,0,695,None,None,None,1.0,None,None
7.46,0,0,0,695,None,None,None,1.0,None,None
7.47,0,0,0,695,None,None,None,1.0,None,None
7.48,0,0,0,695,None,None,None,1.0,None,None
7.49,0,0,0,695,None,None,None,1.0,None,None
7.5,0,0,0,695,None,None,None,1.0,None,None
7.51,0,0,0,695,None,None,None,1.0,None,None
7.52,0,0,0,695,None,None,None,1.0,None,None
7.53,0,0,0,695,None,None,None,1.0,None,None
7.54,0,0,0,695,None,None,None,1.0,None,None
7.55,0,0,0,695,None,None,None,1.0,None,None
7.56,0,0,0,695,None,None,None,1.0,None,None
7.57,0,0,0,695,None,None,None,1.0,None,None
7.58,0,0,0,695,None,None,None,1.0,None,None
7.59,0,0,0,695,None,None,None,1.0,None,None
7.6,0,0,0,695,None,None,None,1.0,None,None
7.61,0,0,0,695,None,None,None,1.0,None,None
7.62,0,0,0,695,None,None,None,1.0,None,None
7.63,0,0,0,695,None,None,None,1.0,None,None
7.64,0,0,0,695,None,None,None,1.0,None,None
7.65,0,0,0,695,None,None,None,1.0,None,None
7.66,0,0,0,695,None,None,None,1.0,None,None
7.67,0,0,0,695,None,None,None,1.0,None,None
7.68,0,0,0,695,None,None,None,1.0,None,None
7.69,0,0,0,695,None,None,None,1.0,None,None
7.7,0,0,0,695,None,None,None,1.0,None,None
7.71,0,0,0,695,None,None,None,1.0,None,None
7.72,0,0,0,695,None,None,None,1.0,None,None
7.73,0,0,0,695,None,None,None,1.0,None,None
7.74,0,0,0,695,None,None,None,1.0,None,None
7.75,0,0,0,695,None,None,None,1.0,None,None
7.76,0,0,0,695,None,None,None,1.0,None,None
7.77,0,0,0,695,None,None,None,1.0,None,None
7.78,0,0,0,695,None,None,None,1.0,None,None
7.79,0,0,0,695,None,None,None,1.0,None,None
7.8,0,0,0,695,None,None,None,1.0,None,None
7.81,0,0,0,695,None,None,None,1.0,None,None
7.82,0,0,0,695,None,None,None,1.0,None,None
7.83,0,0,0,695,None,None,None,1.0,None,None
7.84,0,0,0,695,None,None,None,1.0,None,None
7.85,0,0,0,695,None,None,None,1.0,None,None
7.86,0,0,0,695,None,None,None,1.0,None,None
7.87,0,0,0,695,None,None,None,1.0,None,None
7.88,0,0,0,695,None,None,None,1.0,None,None
7.89,0,0,0,695,None,None,None,1.0,None,None
7.9,0,0,0,695,None,None,None,1.0,None,None
7.91,0,0,0,695,None,None,None,1.0,None,None
7.92,0,0,0,695,None,None,None,1.0,None,None
7.93,0,0,0,695,None,None,None,1.0,None,None
7.94,0,0,0,695,None,None,None,1.0,None,None
7.95,0,0,0,695,None,None,None,1.0,None,None
7.96,0,0,0,695,None,None,None,1.0,None,None
7.97,0,0,0,695,None,None,None,1.0,None,None
7.98,0,0,0,695,None,None,None,1.0,None,None
7.99,0,0,0,695,None,None,None,1.0,None,None
8.0,0,0,0,695,None,None,None,1.0,None,None
8.01,0,0,0,695,None,None,None,1.0,None,None
8.02,0,0,0,695,None,None,None,1.0,None,None
8.03,0,0,0,695,None,None,None,1.0,None,None
8.04,0,0,0,695,None,None,None,1.0,None,None
8.05,0,0,0,695,None,None,None,1.0,None,None
8.06,0,0,0,695,None,None,None,1.0,None,None
8.07,0,0,0,695,None,None,None,1.0,None,None
8.08,0,0,0,695,None,None,None,1.0,None,None
8.09,0,0,0,695,None,None,None,1.0,None,None
8.1,0,0,0,695,None,None,None,1.0,None,None
8.11,0,0,0,695,None,None,None,1.0,None,None
8.12,0,0,0,695,None,None,None,1.0,None,None
8.13,0,0,0,695,None,None,None,1.0,None,None
8.14,0,0,0,695,None,None,None,1.0,None,None
8.15,0,0,0,695,None,None,None,1.0,None,None
8.16,0,0,0,695,None,None,None,1.0,None,None
8.17,0,0,0,695,None,None,None,1.0,None,None
8.18,0,0,0,695,None,None,None,1.0,None,None
8.19,0,0,0,695,None,None,None,1.0,None,None
8.2,0,0,0,695,None,None,None,1.0,None,None
8.21,0,0,0,695,None,None,None,1.0,None,None
8.22,0,0,0,695,None,None,None,1.0,None,None
8.23,0,0,0,695,None,None,None,1.0,None,None
8.24,0,0,0,695,None,None,None,1.0,None,None
8.25,0,0,0,695,None,None,None,1.0,None,None
8.26,0,0,0,695,None,None,None,1.0,None,None
8.27,0,0,0,695,None,None,None,1.0,None,None
8.28,0,0,0,695,None,None,None,1.0,None,None
8.29,0,0,0,695,None,None,None,1.0,None,None
8.3,0,0,0,695,None,None,None,1.0,None,None
8.31,0,0,0,695,None,None,None,1.0,None,None
8.32,0,0,0,695,None,None,None,1.0,None,None
8.33,0,0,0,695,None,None,None,1.0,None,None
8.34,0,0,0,695,None,None,None,1.0,None,None
8.35,0,0,0,695,None,None,None,1.0,None,None
8.36,0,0,0,695,None,None,None,1.0,None,None
8.37,0,0,0,695,None,None,None,1.0,None,None
8.38,0,0,0,695,None,None,None,1.0,None,None
8.39,0,0,0,695,None,None,None,1.0,None,None
8.4,0,0,0,695,None,None,None,1.0,None,None
8.41,0,0,0,695,None,None,None,1.0,None,None
8.42,0,0,0,695,None,None,None,1.0,None,None
8.43,0,0,0,695,None,None,None,1.0,None,None
8.44,0,0,0,695,None,None,None,1.0,None,None
8.45,0,0,0,695,None,None,None,1.0,None,None
8.46,0,0,0,695,None,None,None,1.0,None,None
8.47,0,0,0,695,None,None,None,1.0,None,None
8.48,0,0,0,695,None,None,None,1.0,None,None
8.49,0,0,0,695,None,None,None,1.0,None,None
8.5,0,0,0,695,None,None,None,1.0,None,None
8.51,0,0,0,695,None,None,None,1.0,None,None
8.52,0,0,0,695,None,None,None,1.0,None,None
8.53,0,0,0,695,None,None,None,1.0,None,None
8.54,0,0,0,695,None,None,None,1.0,None,None
8.55,0,0,0,695,None,None,None,1.0,None,None
8.56,0,0,0,695,None,None,None,1.0,None,None
8.57,0,0,0,695,None,None,None,1.0,None,None
8.58,0,0,0,695,None,None,None,1.0,None,None
8.59,0,0,0,695,None,None,None,1.0,None,None
8.6,0,0,0,695,None,None,None,1.0,None,None
8.61,0,0,0,695,None,None,None,1.0,None,None
8.62,0,0,0,695,None,None,None,1.0,None,None
8.63,0,0,0,695,None,None,None,1.0,None,None
8.64,0,0,0,695,None,None,None,1.0,None,None
8.65,0,0,0,695,None,None,None,1.0,None,None
8.66,0,0,0,695,None,None,None,1.0,None,None
8.67,0,0,0,695,None,None,None,1.0,None,None
8.68,0,0,0,695,None,None,None,1.0,None,None
8.69,0,0,0,695,None,None,None,1.0,None,None
8.7,0,0,0,695,None,None,None,1.0,None,None
8.71,0,0,0,695,None,None,None,1.0,None,None
8.72,0,0,0,695,None,None,None,1.0,None,None
8.73,0,0,0,695,None,None,None,1.0,None,None
8.74,0,0,0,695,None,None,None,1.0,None,None
8.75,0,0,0,695,None,None,None,1.0,None,None
8.76,0,0,0,695,None,None,None,1.0,None,None
8.77,0,0,0,695,None,None,None,1.0,None,None
8.78,0,0,0,695,None,None,None,1.0,None,None
8.79,0,0,0,695,None,None,None,1.0,None,None
8.8,0,0,0,695,None,None,None,1.0,None,None
8.81,0,0,0,695,None,None,None,1.0,None,None
8.82,0,0,0,695,None,None,None,1.0,None,None
8.83,0,0,0,695,None,None,None,1.0,None,None
8.84,0,0,0,695,None,None,None,1.0,None,None
8.85,0,0,0,695,None,None,None,1.0,None,None
8.86,0,0,0,695,None,None,None,1.0,None,None
8.87,0,0,0,695,None,None,None,1.0,None,None
8.88,0,0,0,695,None,None,None,1.0,None,None
8.89,0,0,0,695,None,None,None,1.0,None,None
8.9,0,0,0,695,None,None,None,1.0,None,None
8.91,0,0,0,695,None,None,None,1.0,None,None
8.92,0,0,0,695,None,None,None,1.0,None,None
8.93,0,0,0,695,None,None,None,1.0,None,None
8.94,0,0,0,695,None,None,None,1.0,None,None
8.95,0,0,0,695,None,None,None,1.0,None,None
8.96,0,0,0,695,None,None,None,1.0,None,None
8.97,0,0,0,695,None,None,None,1.0,None,None
8.98,0,0,0,695,None,None,None,1.0,None,None
8.99,0,0,0,695,None,None,None,1.0,None,None
9.0,0,0,0,695,None,None,None,1.0,None,None
9.01,0,0,0,695,None,None,None,1.0,None,None
9.02,0,0,0,695,None,None,None,1.0,None,None
9.03,0,0,0,695,None,None,None,1.0,None,None
9.04,0,0,0,695,None,None,None,1.0,None,None
9.05,0,0,0,695,None,None,None,1.0,None,None
9.06,0,0,0,695,None,None,None,1.0,None,None
9.07,0,0,0,695,None,None,None,1.0,None,None
9.08,0,0,0,695,None,None,None,1.0,None,None
9.09,0,0,0,695,None,None,None,1.0,None,None
9.1,0,0,0,695,None,None,None,1.0,None,None
9.11,0,0,0,695,None,None,None,1.0,None,None
9.12,0,0,0,695,None,None,None,1.0,None,None
9.13,0,0,0,695,None,None,None,1.0,None,None
9.14,0,0,0,695,None,None,None,1.0,None,None
9.15,0,0,0,695,None,None,None,1.0,None,None
9.16,0,0,0,695,None,None,None,1.0,None,None
9.17,0,0,0,695,None,None,None,1.0,None,None
9.18,0,0,0,695,None,None,None,1.0,None,None
9.19,0,0,0,695,None,None,None,1.0,None,None
9.2,0,0,0,695,None,None,None,1.0,None,None
9.21,0,0,0,695,None,None,None,1.0,None,None
9.22,0,0,0,695,None,None,None,1.0,None,None
9.23,0,0,0,695,None,None,None,1.0,None,None
9.24,0,0,0,695,None,None,None,1.0,None,None
9.25,0,0,0,695,None,None,None,1.0,None,None
9.26,0,0,0,695,None,None,None,1.0,None,None
9.27,0,0,0,695,None,None,None,1.0,None,None
9.28,0,0,0,695,None,None,None,1.0,None,None
9.29,0,0,0,695,None,None,None,1.0,None,None
9.3,0,0,0,695,None,None,None,1.0,None,None
9.31,0,0,0,695,None,None,None,1.0,None,None
9.32,0,0,0,695,None,None,None,1.0,None,None
9.33,0,0,0,695,None,None,None,1.0,None,None
9.34,0,0,0,695,None,None,None,1.0,None,None
9.35,0,0,0,695,None,None,None,1.0,None,None
9.36,0,0,0,695,None,None,None,1.0,None,None
9.37,0,0,0,695,None,None,None,1.0,None,None
9.38,0,0,0,695,None,None,None,1.0,None,None
9.39,0,0,0,695,None,None,None,1.0,None,None
9.4,0,0,0,695,None,None,None,1.0,None,None
9.41,0,0,0,695,None,None,None,1.0,None,None
9.42,0,0,0,695,None,None,None,1.0,None,None
9.43,0,0,0,695,None,None,None,1.0,None,None
9.44,0,0,0,695,None,None,None,1.0,None,None
9.45,0,0,0,695,None,None,None,1.0,None,None
9.46,0,0,0,695,None,None,None,1.0,None,None
9.47,0,0,0,695,None,None,None,1.0,None,None
9.48,0,0,0,695,None,None,None,1.0,None,None
9.49,0,0,0,695,None,None,None,1.0,None,None
9.5,0,0,0,695,None,None,None,1.0,None,None
9.51,0,0,0,695,None,None,None,1.0,None,None
9.52,0,0,0,695,None,None,None,1.0,None,None
9.53,0,0,0,695,None,None,None,1.0,None,None
9.54,0,0,0,695,None,None,None,1.0,None,None
9.55,0,0,0,695,None,None,None,1.0,None,None
9.56,0,0,0,695,None,None,None,1.0,None,None
9.57,0,0,0,695,None,None,None,1.0,None,None
9.58,0,0,0,695,None,None,None,1.0,None,None
9.59,0,0,0,695,None,None,None,1.0,None,None
9.6,0,0,0,695,None,None,None,1.0,None,None
9.61,0,0,0,695,None,None,None,1.0,None,None
9.62,0,0,0,695,None,None,None,1.0,None,None
9.63,0,0,0,695,None,None,None,1.0,None,None
9.64,0,0,0,695,None,None,None,1.0,None,None
9.65,0,0,0,695,None,None,None,1.0,None,None
9.66,0,0,0,695,None,None,None,1.0,None,None
9.67,0,0,0,695,None,None,None,1.0,None,None
9.68,0,0,0,695,None,None,None,1.0,None,None
9.69,0,0,0,695,None,None,None,1.0,None,None
9.7,0,0,0,695,None,None,None,1.0,None,None
9.71,0,0,0,695,None,None,None,1.0,None,None
9.72,0,0,0,695,None,None,None,1.0,None,None
9.73,0,0,0,695,None,None,None,1.0,None,None
9.74,0,0,0,695,None,None,None,1.0,None,None
9.75,0,0,0,695,None,None,None,1.0,None,None
9.76,0,0,0,695,None,None,None,1.0,None,None
9.77,0,0,0,695,None,None,None,1.0,None,None
9.78,0,0,0,695,None,None,None,1.0,None,None
9.79,0,0,0,695,None,None,None,1.0,None,None
9.8,0,0,0,695,None,None,None,1.0,None,None
9.81,0,0,0,695,None,None,None,1.0,None,None
9.82,0,0,0,695,None,None,None,1.0,None,None
9.83,0,0,0,695,None,None,None,1.0,None,None
9.84,0,0,0,695,None,None,None,1.0,None,None
9.85,0,0,0,695,None,None,None,1.0,None,None
9.86,0,0,0,695,None,None,None,1.0,None,None
9.87,0,0,0,695,None,None,None,1.0,None,None
9.88,0,0,0,695,None,None,None,1.0,None,None
9.89,0,0,0,695,None,None,None,1.0,None,None
9.9,0,0,0,695,None,None,None,1.0,None,None
9.91,0,0,0,695,None,None,None,1.0,None,None
9.92,0,0,0,695,None,None,None,1.0,None,None
9.93,0,0,0,695,None,None,None,1.0,None,None
9.94,0,0,0,695,None,None,None,1.0,None,None
9.95,0,0,0,695,None,None,None,1.0,None,None
9.96,0,0,0,695,None,None,None,1.0,None,None
9.97,0,0,0,695,None,None,None,1.0,None,None
9.98,0,0,0,695,None,None,None,1.0,None,None
9.99,0,0,0,695,None,None,None,1.0,None,None